Workbook

Sheet 00_Сводка
A1: SYMBIOSIS V7 — Cross Registry Audit Report v1.2
A2: 2026-08-01 • Rules v1.7 | Character v1.2 | Items v1.6_with_icons | Effects v1.2 | Bestiary v1.4 | Sentient v1.2 | Q&A v1.2 | Soundtrack v1.1 | Atlas v1.1 • frozen artifacts use builtAgainst + forward compatibility
A4: Показатель | B4: Фактически | C4: Ожидается | D4: Статус | E4: Показатель | F4: Фактически | G4: Ожидается | H4: Статус
A5: Расхождений | B5: =COUNTA('01_Расхождения'!$A$5:$A$31) -> 27 | C5: 27 | D5: =IF(B5=C5,"PASS","FAIL") -> PASS | E5: Source artifacts | F5: =COUNTA('05_SHA256'!$A$5:$A$14) -> 10 | G5: 10 | H5: =IF(F5=G5,"PASS","FAIL") -> PASS
A6: Исправлено | B6: =COUNTIF('01_Расхождения'!$I$5:$I$31,"FIXED") -> 27 | C6: 27 | D6: =IF(B6=C6,"PASS","FAIL") -> PASS | E6: SHA PASS | F6: =COUNTIF('05_SHA256'!$H$5:$H$14,"PASS") -> 10 | G6: 10 | H6: =IF(F6=G6,"PASS","FAIL") -> PASS
A7: Не разрешено | B7: =COUNTIFS('01_Расхождения'!$A$5:$A$31,"<>",'01_Расхождения'!$I$5:$I$31,"<>FIXED") -> 0 | C7: 0 | D7: =IF(B7=C7,"PASS","FAIL") -> PASS | E7: Compatibility PASS | F7: =COUNTIF('06_Совместимость'!$H$5:$H$14,"PASS") -> 10 | G7: 10 | H7: =IF(F7=G7,"PASS","FAIL") -> PASS
A8: Открытых вопросов | B8: =COUNTIF('08_Вопросы'!$G$5:$G$7,"OPEN") -> 0 | C8: 0 | D8: =IF(B8=C8,"PASS","FAIL") -> PASS | E8: Visual PASS | F8: =COUNTIF('07_Визуальный_аудит'!$F$5:$F$14,"PASS") -> 10 | G8: 10 | H8: =IF(F8=G8,"PASS","FAIL") -> PASS
A9: QA rows | B9: 444 | C9: 444 | D9: =IF(B9=C9,"PASS","FAIL") -> PASS | E9: ScreenFormID | F9: 355 | G9: 355 | H9: =IF(F9=G9,"PASS","FAIL") -> PASS
A10: QA unique codes | B10: 410 | C10: 410 | D10: =IF(B10=C10,"PASS","FAIL") -> PASS | E10: Atlas pages | F10: 279 | G10: 279 | H10: =IF(F10=G10,"PASS","FAIL") -> PASS
A11: Rules cards | B11: 739 | C11: 739 | D11: =IF(B11=C11,"PASS","FAIL") -> PASS | E11: Runtime pack files | F11: 50 | G11: 50 | H11: =IF(F11=G11,"PASS","FAIL") -> PASS
A12: Character payload | B12: 1144 | C12: 1144 | D12: =IF(B12=C12,"PASS","FAIL") -> PASS | E12: Physical delivery files | F12: 12 | G12: 12 | H12: =IF(F12=G12,"PASS","FAIL") -> PASS
A14: Итоговый release gate | H14: =IF(COUNTIF($D$5:$D$12,"FAIL")+COUNTIF($H$5:$H$12,"FAIL")=0,"PASS","FAIL") -> PASS

Sheet 01_Расхождения
A1: Реестр выявленных расхождений
A2: 27/27 resolved; no remaining ambiguity after the two direct answers of 2026-08-01.
A4: ID | B4: Критичность | C4: Область | D4: Проблема | E4: Исправление | F4: Нормативное основание | G4: Проверка | H4: Результат | I4: Статус
A5: AUD-001 | B5: BLOCKER | C5: Runtime Pack | D5: Обязательный ZIP отсутствовал | E5: Включён исходный v1.2 без пересборки | F5: Ожидаемый SHA | G5: ZIP/package/payload/art | H5: 50 files; full SHA match | I5: FIXED
A6: AUD-002 | B6: BLOCKER | C6: GM XP | D6: Произвольное начисление мастером не определено | E6: CORE-234 + typed operation + UI | F6: Q-GM-XP-001 | G6: Rules/Character/Atlas | H6: End-to-end path present | I6: FIXED
A7: AUD-003 | B7: BLOCKER | C7: GM XP | D7: Неясны rollback/compensation | E7: Committed award always valid; inverse operations absent | F7: Direct answer 2026-08-01 | G7: Negative/idempotency QA | H7: No rollback/negative/compensation | I7: FIXED
A8: AUD-004 | B8: HIGH | C8: Soundtrack | D8: Музыкальная ночь начиналась в 18:00 | E8: Night=[21:00,06:00) | F8: Q-SOUND-NIGHT-001 | G8: Algorithm/QA/decision | H8: All named cells use 21:00 | I8: FIXED
A9: AUD-005 | B9: BLOCKER | C9: Enemy generator | D9: AQA-044/CORE-215 запрещали сохранённое требование | E9: Генератор 80–150%, avg80, cap35 restored | F9: Q-ENEMY-B14 superseded | G9: Rules/Character/Items/Atlas | H9: Machine contract + UI present | I9: FIXED
A10: AUD-006 | B10: HIGH | C10: Q&A | D10: 50 нормативных решений Rules отсутствовали | E10: Импортированы Q-ENEMY/Q-PREDEV/Q-CROSS | F10: Authoritative completeness | G10: Question-ID set | H10: 444 rows / 410 unique | I10: FIXED
A11: AUD-007 | B11: HIGH | C11: Rules summary | D11: B19/B20 считали несвязанные диапазоны | E11: Формулы duplicates/open questions исправлены | F11: Formula audit | G11: Office recalc | H11: Both return 0 | I11: FIXED
A12: AUD-008 | B12: HIGH | C12: Rules control | D12: Rows 42–52 были тавтологиями | E12: Независимые v1.7 checks | F12: Formula audit | G12: Office recalc | H12: 0 FAIL | I12: FIXED
A13: AUD-009 | B13: BLOCKER | C13: Compatibility | D13: Exact tuple отвергал frozen pack | E13: builtAgainst + forward assertion + SHA pin | F13: Manifest v1.2 | G13: Importer contract | H13: Frozen v1.2 accepted safely | I13: FIXED
A14: AUD-010 | B14: HIGH | C14: Atlas GM | D14: GM-007 был gap | E14: Рабочая форма + receipt + notification | F14: CORE-234 | G14: Atlas p266 | H14: Complete | I14: FIXED
A15: AUD-011 | B15: HIGH | C15: Atlas generator | D15: UI отсутствовал/запрещал flow | E15: ENM-024..026 added | F15: AQA-044/CORE-215 | G15: Atlas p267 | H15: Complete | I15: FIXED
... A31: AUD-027 | B31: MEDIUM | C31: Character passport | D31: XP policy count was 36 after GM_DIRECT, but the passport control still expected 35 | E31: Expected count synchronized to 36 | F31: Independent full-workbook FAIL scan | G31: Office recalc / 00_Паспорт row 23 | H31: 0 FAIL; release gate remains PASS | I31: FIXED

Sheet 02_Изменения_Rules
A1: Изменения нормативных реестров
A2: Scope-changing and consistency-only changes are separated explicitly.
A4: ID | B4: Артефакт / объект | C4: Было | D4: Стало | E4: Основание | F4: Тип изменения | G4: Статус
A5: CHG-001 | B5: Rules CORE-007 | C5: awardSource без GM | D5: GM_DIRECT; FREE ×2 once | E5: Q-GM-XP-001 | F5: NORMATIVE | G5: PASS
A6: CHG-002 | B6: Rules CORE-234 | C6: Отсутствовал | D6: Immutable GM grant | E6: Direct answer | F6: NORMATIVE | G6: PASS
A7: CHG-003 | B7: Rules AQA-044 | C7: Generator prohibited | D7: 80–150%, avg80, cap35 | E7: Preserved requirement | F7: NORMATIVE | G7: PASS
A8: CHG-004 | B8: Rules CORE-215 | C8: Generator excluded | D8: Generator allowed; AI excluded | E8: Q-ENEMY-B14 superseded | F8: NORMATIVE | G8: PASS
A9: CHG-005 | B9: Rules formulas | C9: Invalid/tautological | D9: Independent controls | E9: Audit | F9: ASSURANCE | G9: PASS
A10: CHG-006 | B10: Character operations | C10: 14 operations | D10: GM grant + enemy generator | E10: Rules v1.7 | F10: NORMATIVE | G10: PASS
A11: CHG-007 | B11: Character payload | C11: 1142 | D11: 1144 | E11: Forward extension | F11: NORMATIVE | G11: PASS
A12: CHG-008 | B12: Q&A | C12: 392 rows | D12: 444 rows | E12: Completeness + direct answers | F12: AUTHORITATIVE_QA | G12: PASS
A13: CHG-009 | B13: Items | C13: Generator prohibition in trace | D13: Trace synchronized | E13: Rules v1.7 | F13: TRACE_ONLY | G13: PASS
A14: CHG-010 | B14: Bestiary | C14: Rules v1.5 metadata | D14: Rules v1.7 metadata | E14: Version audit | F14: METADATA_ONLY | G14: PASS
A15: CHG-011 | B15: Soundtrack | C15: Night at 18:00 | D15: Night at 21:00 | E15: Q-SOUND-NIGHT-001 | F15: IMPLEMENTATION_SPEC | G15: PASS
... A18: CHG-014 | B18: Character passport | C18: Expected 35 XP policy rows | D18: Expected 36 after GM_DIRECT | E18: Independent full-workbook FAIL scan | F18: ASSURANCE | G18: PASS

Sheet 03_Runtime_контракты
A1: Runtime-контракты v1.2
A2: Machine-facing invariants for GM XP, group generation, time and frozen runtime imports.
A4: ContractID | B4: Area | C4: Input | D4: Precondition | E4: Transition | F4: Forbidden | G4: Evidence | H4: Status
A5: RTC-001 | B5: GM XP | C5: awardId, actor, symbiont, baseXP, reason | D5: PLAYER_CHARACTER; owned xpEligible; baseXP>=1 | E5: xp += base×raceMultiplier | F5: rollback/delete/negative/compensation | G5: CORE-234 | H5: PASS
A6: RTC-002 | B6: GM XP | C6: awardId retry | D6: Same payload | E6: Return same receipt | F6: Second delta | G6: Character operation | H6: PASS
A7: RTC-003 | B7: GM XP | C7: FREE race | D7: Valid award | E7: Multiplier 2 exactly once | F7: Counter multiplier | G7: CORE-007 | H7: PASS
A8: RTC-004 | B8: GM XP | C8: Current counters | D8: Any values | E8: No read/write; no 3:1 | F8: Counter consumption | G8: CORE-234 | H8: PASS
A9: RTC-005 | B9: Generator | C9: party snapshot, origins, seed | D9: Stable active PC group | E9: Preview only | F9: Template mutation | G9: AQA-044 | H9: PASS
A10: RTC-006 | B10: Generator | C10: balancePercent | D10: Integer 80..150 | E10: targetTotal=round(party×percent/100) | F10: Hidden clamp | G10: Character payload | H10: PASS
A11: RTC-007 | B11: Generator | C11: Seven stats per enemy | D11: Integer; each <=35 | E11: actualTotal=targetTotal; avg oriented to80 | F11: Combat AI / auto-target | G11: CORE-215 | H11: PASS
A12: RTC-008 | B12: Generator | C12: Accept preview | D12: Validated result | E12: Atomic deep-clone into combat setup | F12: Partial commit | G12: CORE-214 | H12: PASS
A13: RTC-009 | B13: Time/music | C13: campaign dayPhase | D13: Outside battle | E13: 21:00→night pool; 06:00→day | F13: localLighting changes music | G13: Soundtrack R-007 | H13: PASS
A14: RTC-010 | B14: Runtime import | C14: Pack v1.2 + full SHA | D14: Forward assertion true | E14: Accept 44 NO_XP templates | F14: Exact current tuple equality | G14: Character OP-SENTIENT-IMPORT | H14: PASS
A15: RTC-011 | B15: Sentient | C15: SYSTEM_SENTIENT_ENEMY | D15: Frozen payload | E15: NO_XP_PROGRESSION unchanged | F15: GM/player progression fields | G15: Registry/pack equality | H15: PASS
A16: RTC-012 | B16: Hash model | C16: 10 source + Audit | D16: Finalize in order | E16: Manifest hashes 11 non-self | F16: Workbook self-hash | G16: Release policy | H16: PASS

Sheet 04_Проверки
A1: Сценарные и структурные проверки
A2: Actual values were obtained after office recalculation and visual/PDF/ZIP validation.
A4: CheckID | B4: Проверка | C4: Ожидается | D4: Фактически | E4: Evidence | F4: Статус
A5: CHK-001 | B5: Rules cards | C5: 739 | D5: 739 | E5: Rules Summary/Control | F5: =IF(C5=D5,"PASS","FAIL") -> PASS
A6: CHK-002 | B6: Rules active | C6: 699 | D6: 699 | E6: Rules Control | F6: =IF(C6=D6,"PASS","FAIL") -> PASS
A7: CHK-003 | B7: Rules control FAIL | C7: 0 | D7: 0 | E7: Office recalc D2:D100 | F7: =IF(C7=D7,"PASS","FAIL") -> PASS
A8: CHK-004 | B8: Q&A rows | C8: 444 | D8: 444 | E8: Registry rows 2:445 | F8: =IF(C8=D8,"PASS","FAIL") -> PASS
A9: CHK-005 | B9: Q&A unique codes | C9: 410 | D9: 410 | E9: Set(C2:C445) | F9: =IF(C9=D9,"PASS","FAIL") -> PASS
A10: CHK-006 | B10: Q&A open | C10: 0 | D10: 0 | E10: Status column | F10: =IF(C10=D10,"PASS","FAIL") -> PASS
A11: CHK-007 | B11: Character payload | C11: 1144 | D11: 1144 | E11: Rows 6:1149 | F11: =IF(C11=D11,"PASS","FAIL") -> PASS
A12: CHK-008 | B12: Character QA | C12: 51 | D12: 51 | E12: Rows 6:56 | F12: =IF(C12=D12,"PASS","FAIL") -> PASS
A13: CHK-009 | B13: Character control FAIL | C13: 0 | D13: 0 | E13: Office recalc D6:D53 | F13: =IF(C13=D13,"PASS","FAIL") -> PASS
A14: CHK-010 | B14: Item embedded icons | C14: 64 | D14: 64 | E14: OOXML media count | F14: =IF(C14=D14,"PASS","FAIL") -> PASS
A15: CHK-011 | B15: Bestiary embedded art | C15: 16 | D15: 16 | E15: OOXML media count | F15: =IF(C15=D15,"PASS","FAIL") -> PASS
A16: CHK-012 | B16: Sentient templates | C16: 44 | D16: 44 | E16: Registry/runtime catalog | F16: =IF(C16=D16,"PASS","FAIL") -> PASS
... A21: CHK-017 | B21: Character passport FAIL | C21: 0 | D21: 0 | E21: Office recalc 00_Паспорт | F21: =IF(C21=D21,"PASS","FAIL") -> PASS

Sheet 05_SHA256
A1: SHA-256 source freeze
A2: 10 source artifacts are hashed here; Audit is hashed later and embedded by Manifest.
A4: № | B4: Файл | C4: Версия | D4: Bytes | E4: SHA-256 | F4: Disposition | G4: Ожидаемый SHA | H4: Статус
A5: 1 | B5: Symbiosis_V7_Executable_Rules_Registry_v1.7.xlsx | C5: v1.7 | D5: 927841 | E5: 517818d1fb286361592c4405181827f1e5c190a1c4d3259ae6056018f1c62646 | F5: REISSUE | G5: 517818d1fb286361592c4405181827f1e5c190a1c4d3259ae6056018f1c62646 | H5: =IF(AND(LEN(E5)=64,E5=G5),"PASS","FAIL") -> PASS
A6: 2 | B6: Symbiosis_V7_Character_Skills_Symbionts_Registry_v1.2.xlsx | C6: v1.2 | D6: 706362 | E6: f36219e6a143e338988d3354447cde1f8b919ab8ba4019b017c952d7c68cf38c | F6: REISSUE | G6: f36219e6a143e338988d3354447cde1f8b919ab8ba4019b017c952d7c68cf38c | H6: =IF(AND(LEN(E6)=64,E6=G6),"PASS","FAIL") -> PASS
A7: 3 | B7: Symbiosis_V7_All_Questions_and_Answers_Registry_v1.2.xlsx | C7: v1.2 | D7: 199441 | E7: ce472fa8e08c0e8ac9a2b6856052688aef18934b43772e9ceea73a98ae692d40 | F7: REISSUE | G7: ce472fa8e08c0e8ac9a2b6856052688aef18934b43772e9ceea73a98ae692d40 | H7: =IF(AND(LEN(E7)=64,E7=G7),"PASS","FAIL") -> PASS
A8: 4 | B8: Symbiosis_V7_Item_Registry_v1.6_with_icons.xlsx | C8: v1.6_with_icons | D8: 1105192 | E8: 7e69647fa0a4b8e679dc9158dcdde410195dc7b4d8119031b5aece0b63637b27 | F8: REISSUE_TRACE_ONLY | G8: 7e69647fa0a4b8e679dc9158dcdde410195dc7b4d8119031b5aece0b63637b27 | H8: =IF(AND(LEN(E8)=64,E8=G8),"PASS","FAIL") -> PASS
A9: 5 | B9: Symbiosis_V7_Effects_and_Diseases_Registry_v1.2.xlsx | C9: v1.2 | D9: 322047 | E9: 003186285a9b868c8a9596f610b254b349f0c47478142aef1744d75654ead33b | F9: FROZEN_BYTES | G9: 003186285a9b868c8a9596f610b254b349f0c47478142aef1744d75654ead33b | H9: =IF(AND(LEN(E9)=64,E9=G9),"PASS","FAIL") -> PASS
A10: 6 | B10: Symbiosis_V7_Canonical_Bestiary_Registry_v1.4.xlsx | C10: v1.4 | D10: 5890485 | E10: 15929616cba0c527e45ea35dd06b97ea8b09b364362998c6ca610f76d410292e | F10: REISSUE_METADATA_ONLY | G10: 15929616cba0c527e45ea35dd06b97ea8b09b364362998c6ca610f76d410292e | H10: =IF(AND(LEN(E10)=64,E10=G10),"PASS","FAIL") -> PASS
A11: 7 | B11: Symbiosis_V7_Default_Sentient_Enemy_Registry_v1.2.xlsx | C11: v1.2 | D11: 17138567 | E11: b4c8ff7199e8a9798e5e4928599ee63c9efba3b4244b9c412666a70111ad175f | F11: FROZEN_BYTES | G11: b4c8ff7199e8a9798e5e4928599ee63c9efba3b4244b9c412666a70111ad175f | H11: =IF(AND(LEN(E11)=64,E11=G11),"PASS","FAIL") -> PASS
A12: 8 | B12: Symbiosis_V7_Default_Sentient_Enemy_Runtime_Pack_v1.2.zip | C12: v1.2 | D12: 17051280 | E12: 614f0da1c3128aebbb28d67a68a89ccd189a067c57d407c92536425e46072cdc | F12: FROZEN_BYTES_REQUIRED | G12: 614f0da1c3128aebbb28d67a68a89ccd189a067c57d407c92536425e46072cdc | H12: =IF(AND(LEN(E12)=64,E12=G12),"PASS","FAIL") -> PASS
A13: 9 | B13: Symbiosis_V7_Soundtrack_Playback_Registry_v1.1.xlsx | C13: v1.1 | D13: 3124016 | E13: 839f8d2bc09c48ddae361de154d076b11e8a3d3de27b7570df57130314a63479 | F13: REISSUE | G13: 839f8d2bc09c48ddae361de154d076b11e8a3d3de27b7570df57130314a63479 | H13: =IF(AND(LEN(E13)=64,E13=G13),"PASS","FAIL") -> PASS
A14: 10 | B14: Symbiosis_V7_Windows_UI_Screen_Atlas_v1.1.pdf | C14: v1.1 | D14: 57141903 | E14: bb1f0e94799b770abefe522bb0bfe70bf7f18b07b949511b7bf3bf4c45f98889 | F14: REISSUE | G14: bb1f0e94799b770abefe522bb0bfe70bf7f18b07b949511b7bf3bf4c45f98889 | H14: =IF(AND(LEN(E14)=64,E14=G14),"PASS","FAIL") -> PASS

Sheet 06_Совместимость
A1: Матрица совместимости
A2: Literal tuple equality is replaced only where a named invariant and evidence are present.
A4: Artifact | B4: Mode | C4: builtAgainst | D4: Current consumer | E4: Invariant | F4: Evidence | G4: Risk | H4: Status
A5: Symbiosis_V7_Executable_Rules_Registry_v1.7.xlsx | B5: CURRENT | C5: Rules v1.7 | Character v1.2 | Items v1.6_with_icons | Effects v1.2 | Bestiary v1.4 | Sentient v1.2 | Q&A v1.2 | Soundtrack v1.1 | Atlas v1.1 | D5: Rules v1.7 | Character v1.2 | Items v1.6_with_icons | Effects v1.2 | Bestiary v1.4 | Sentient v1.2 | Q&A v1.2 | Soundtrack v1.1 | Atlas v1.1 | E5: Current normative source | F5: Rules controls 0 FAIL | G5: LOW | H5: PASS
A6: Symbiosis_V7_Character_Skills_Symbionts_Registry_v1.2.xlsx | B6: CURRENT | C6: Rules v1.7 | Character v1.2 | Items v1.6_with_icons | Effects v1.2 | Bestiary v1.4 | Sentient v1.2 | Q&A v1.2 | Soundtrack v1.1 | Atlas v1.1 | D6: Rules v1.7 | Character v1.2 | Items v1.6_with_icons | Effects v1.2 | Bestiary v1.4 | Sentient v1.2 | Q&A v1.2 | Soundtrack v1.1 | Atlas v1.1 | E6: Current extension; old payload rows retain builtAgainst | F6: Payload/QA controls 0 FAIL | G6: LOW | H6: PASS
A7: Symbiosis_V7_All_Questions_and_Answers_Registry_v1.2.xlsx | B7: DECISION_SOURCE | C7: Rules Decisions QA 444 + direct answers | D7: Rules v1.7 | Character v1.2 | Items v1.6_with_icons | Effects v1.2 | Bestiary v1.4 | Sentient v1.2 | Q&A v1.2 | Soundtrack v1.1 | Atlas v1.1 | E7: Decision source matches Rules QA codes | F7: 444 rows / 410 unique / 0 open | G7: LOW | H7: PASS
A8: Symbiosis_V7_Item_Registry_v1.6_with_icons.xlsx | B8: CURRENT | C8: Rules v1.7 | Character v1.2 | Items v1.6_with_icons | Effects v1.2 | Bestiary v1.4 | Sentient v1.2 | Q&A v1.2 | Soundtrack v1.1 | Atlas v1.1 | D8: Rules v1.7 | Character v1.2 | Items v1.6_with_icons | Effects v1.2 | Bestiary v1.4 | Sentient v1.2 | Q&A v1.2 | Soundtrack v1.1 | Atlas v1.1 | E8: Only trace changed; item schemas/content/icons preserved | F8: 64 icon bytes preserved | G8: LOW | H8: PASS
A9: Symbiosis_V7_Effects_and_Diseases_Registry_v1.2.xlsx | B9: FORWARD_COMPAT_ASSERTED | C9: Rules v1.6 | Character v1.1 | Items v1.5_with_icons | Bestiary v1.3 | Sentient v1.2 | D9: Rules v1.7 | Character v1.2 | Items v1.6_with_icons | Effects v1.2 | Bestiary v1.4 | Sentient v1.2 | Q&A v1.2 | Soundtrack v1.1 | Atlas v1.1 | E9: GM XP/generator/time do not alter effect schemas or blindness boundary | F9: Frozen SHA; no generator prohibition | G9: LOW | H9: PASS
A10: Symbiosis_V7_Canonical_Bestiary_Registry_v1.4.xlsx | B10: CURRENT | C10: Rules v1.7 | Character v1.2 | Items v1.6_with_icons | Effects v1.2 | Bestiary v1.4 | Sentient v1.2 | Q&A v1.2 | Soundtrack v1.1 | Atlas v1.1 | D10: Rules v1.7 | Character v1.2 | Items v1.6_with_icons | Effects v1.2 | Bestiary v1.4 | Sentient v1.2 | Q&A v1.2 | Soundtrack v1.1 | Atlas v1.1 | E10: Metadata-only reissue; statblocks/attacks/art unchanged | F10: 16 art; content counts preserved | G10: LOW | H10: PASS
A11: Symbiosis_V7_Default_Sentient_Enemy_Registry_v1.2.xlsx | B11: FORWARD_COMPAT_ASSERTED | C11: Rules v1.6 | Character v1.1 | Items v1.5_with_icons | Bestiary v1.3 | Sentient v1.2 | D11: Rules v1.7 | Character v1.2 | Items v1.6_with_icons | Effects v1.2 | Bestiary v1.4 | Sentient v1.2 | Q&A v1.2 | Soundtrack v1.1 | Atlas v1.1 | E11: 44 system templates remain NO_XP_PROGRESSION | F11: Frozen SHA and payload equality | G11: LOW | H11: PASS
A12: Symbiosis_V7_Default_Sentient_Enemy_Runtime_Pack_v1.2.zip | B12: FORWARD_COMPAT_ASSERTED | C12: Rules v1.6 | Character v1.1 | Items v1.5_with_icons | Bestiary v1.3 | Sentient v1.2 | D12: Rules v1.7 | Character v1.2 | Items v1.6_with_icons | Effects v1.2 | Bestiary v1.4 | Sentient v1.2 | Q&A v1.2 | Soundtrack v1.1 | Atlas v1.1 | E12: No rebuild/relabel; pinned by full SHA | F12: 50 files / 1195 validations | G12: LOW | H12: PASS
A13: Symbiosis_V7_Soundtrack_Playback_Registry_v1.1.xlsx | B13: TIME_CONTRACT | C13: Rules v1.7 | Character v1.2 | Items v1.6_with_icons | Effects v1.2 | Bestiary v1.4 | Sentient v1.2 | Q&A v1.2 | Soundtrack v1.1 | Atlas v1.1 + campaign dayPhase | D13: Rules v1.7 | Character v1.2 | Items v1.6_with_icons | Effects v1.2 | Bestiary v1.4 | Sentient v1.2 | Q&A v1.2 | Soundtrack v1.1 | Atlas v1.1 | E13: Music follows campaign dayPhase; assets may be external | F13: 21:00 cells and QA synchronized | G13: LOW | H13: PASS
A14: Symbiosis_V7_Windows_UI_Screen_Atlas_v1.1.pdf | B14: UI_CONTRACT | C14: Rules v1.7 | Character v1.2 | Items v1.6_with_icons | Effects v1.2 | Bestiary v1.4 | Sentient v1.2 | Q&A v1.2 | Soundtrack v1.1 | Atlas v1.1 + Effects v1.2 | D14: Rules v1.7 | Character v1.2 | Items v1.6_with_icons | Effects v1.2 | Bestiary v1.4 | Sentient v1.2 | Q&A v1.2 | Soundtrack v1.1 | Atlas v1.1 | E14: Amendment badges supersede stale v1.0 pages | F14: 279 pages / 355 IDs / visual QA | G14: LOW | H14: PASS

Sheet 07_Визуальный_аудит
A1: Визуальный и UI-аудит
A2: All inspected pages render at 960×540; no clipping or missing glyphs observed.
A4: VisualID | B4: Объект | C4: Проверено | D4: Evidence | E4: Результат | F4: Статус
A5: VIS-001 | B5: Atlas cover | C5: v1.1 / 355 IDs / baseline | D5: Rendered p001 | E5: Readable | F5: PASS
A6: VIS-002 | B6: GM XP | C6: Selection, baseXP, reason, ×2, irreversible commit | D6: Rendered p266 | E6: Complete | F6: PASS
A7: VIS-003 | B7: Enemy generator | C7: ENM-024..026; 80–150%; cap35; seed | D7: Rendered p267 | E7: Complete | F7: PASS
A8: VIS-004 | B8: Night/local players | C8: 21:00 and 0–3 tabs + GM | D8: Rendered p268 | E8: Complete | F8: PASS
A9: VIS-005 | B9: Ammo/runtime objects | C9: CMB-068..072 | D9: Rendered addendum | E9: Complete | F9: PASS
A10: VIS-006 | B10: Roll/visibility/effects | C10: Per-command queue; no hidden leak; tombstones | D10: Rendered addendum | E10: Complete | F10: PASS
A11: VIS-007 | B11: Operation mappings | C11: Reload/coating/loot/death UI | D11: Rendered p275 | E11: Complete | F11: PASS
A12: VIS-008 | B12: Flows | C12: Combat/reconnect/crit routes | D12: Rendered p276 | E12: Complete | F12: PASS
A13: VIS-009 | B13: Battle coverage matrix 1 | C13: Setup through attack/ammo | D13: Rendered p277 | E13: Complete | F13: PASS
A14: VIS-010 | B14: Battle coverage matrix 2/final | C14: States, death, loot, reconnect | D14: Rendered p278–279 | E14: Complete | F14: PASS

Sheet 08_Вопросы
A1: Разрешённые вопросы
A2: No question remains open before final freeze.
A4: QuestionID | B4: Тема | C4: Вопрос | D4: Ответ | E4: Влияние | F4: Основание | G4: Статус
A5: Q-GM-XP-001 | B5: GM XP | C5: Можно ли откатить начисление? | D5: Нет. Committed award всегда валиден; inverse operations отсутствуют. | E5: Rules/Character/Atlas | F5: Direct answer 2026-08-01 | G5: CLOSED
A6: Q-SOUND-NIGHT-001 | B6: Music | C6: Когда начинается ночь? | D6: 21:00 campaign time; ends at 06:00. | E6: Soundtrack/Atlas | F6: Direct answer 2026-08-01 | G6: CLOSED
A7: Q-ENEMY-B14 | B7: Generator | C7: Добавляется ли balanced group generator? | D7: Да: 80–150%, avg80, cap35, sentient+monster; no AI. | E7: Rules/Character/Items/Atlas | F7: Preserved project requirement | G7: CLOSED

Sheet 09_Изменения_v1.2
A1: Изменения Audit Report v1.2
A2: Audit scope expanded to every release artifact and all combat-form coverage.
A4: ID | B4: Область | C4: v1.1 | D4: v1.2 | E4: Основание | F4: Статус
A5: AUD-V12-001 | B5: Scope | C5: Partial workbook set | D5: 10 source artifacts + Audit + Manifest | E5: Delivery audit | F5: PASS
A6: AUD-V12-002 | B6: Runtime pack | C6: Missing | D6: Original v1.2 pinned by full SHA | E6: Package audit | F6: PASS
A7: AUD-V12-003 | B7: GM XP | C7: Undefined | D7: Immutable typed operation | E7: Direct answer | F7: PASS
A8: AUD-V12-004 | B8: Generator | C8: Prohibited | D8: Restored and UI-covered | E8: Project requirement | F8: PASS
A9: AUD-V12-005 | B9: Night | C9: 18:00 music | D9: 21:00 dayPhase | E9: Direct answer | F9: PASS
A10: AUD-V12-006 | B10: Q&A | C10: 392 | D10: 444 / 410 unique | E10: Completeness | F10: PASS
A11: AUD-V12-007 | B11: Atlas | C11: 347 IDs / gaps | D11: 355 IDs / full combat matrix | E11: UI audit | F11: PASS
A12: AUD-V12-008 | B12: Compatibility | C12: Exact tuple | D12: builtAgainst + asserted forward invariants | E12: Frozen pack preservation | F12: PASS
A13: AUD-V12-009 | B13: Hashes | C13: Partial | D13: 10 source hashes; self-cycle excluded | E13: Release policy | F13: PASS
A14: AUD-V12-010 | B14: Items control | C14: Expected Rules v1.6 | D14: Expected Rules v1.7; 0 FAIL | E14: Independent formula audit | F14: PASS
A15: AUD-V12-011 | B15: Character passport | C15: Expected 35 XP policy rows | D15: Expected 36; 0 FAIL | E15: Independent full-workbook FAIL scan | F15: PASS
