Workbook

Sheet 00_Сводка
A1: SYMBIOSIS V7 — Delivery Manifest v1.2
A2: Final delivery baseline • 2026-08-01 • Rules v1.7 | Character v1.2 | Items v1.6_with_icons | Effects v1.2 | Bestiary v1.4 | Sentient v1.2 | Q&A v1.2 | Soundtrack v1.1 | Atlas v1.1 • 11 non-self hashes + self-hash exclusion
A4: Показатель | B4: Фактически | C4: Ожидается | D4: Статус | E4: Показатель | F4: Фактически | G4: Ожидается | H4: Статус
A5: Физических файлов | B5: =COUNTA('01_Файлы'!$C$5:$C$16) -> 12 | C5: 12 | D5: =IF(B5=C5,"PASS","FAIL") -> PASS | E5: Non-self SHA-256 | F5: =COUNTIFS('01_Файлы'!$F$5:$F$16,"<>SELF_NOT_HASHED",'01_Файлы'!$F$5:$F$16,"<>") -> 11 | G5: 11 | H5: =IF(F5=G5,"PASS","FAIL") -> PASS
A6: File rows PASS | B6: =COUNTIF('01_Файлы'!$M$5:$M$16,"PASS") -> 12 | C6: 12 | D6: =IF(B6=C6,"PASS","FAIL") -> PASS | E6: Compatibility PASS | F6: =COUNTIF('02_Совместимость'!$H$5:$H$16,"PASS") -> 12 | G6: 12 | H6: =IF(F6=G6,"PASS","FAIL") -> PASS
A7: Composition PASS | B7: =COUNTIF('03_Состав'!$E$5:$E$16,"PASS") -> 12 | C7: 12 | D7: =IF(B7=C7,"PASS","FAIL") -> PASS | E7: Policy PASS | F7: =COUNTIF('04_Политика'!$D$5:$D$18,"PASS") -> 14 | G7: 14 | H7: =IF(F7=G7,"PASS","FAIL") -> PASS
A8: NORMATIVE | B8: =COUNTIF('01_Файлы'!$B$5:$B$16,"NORMATIVE") -> 6 | C8: 6 | D8: =IF(B8=C8,"PASS","FAIL") -> PASS | E8: IMPLEMENTATION_SPEC | F8: =COUNTIF('01_Файлы'!$B$5:$B$16,"IMPLEMENTATION_SPEC") -> 2 | G8: 2 | H8: =IF(F8=G8,"PASS","FAIL") -> PASS
A9: AUTHORITATIVE_QA | B9: =COUNTIF('01_Файлы'!$B$5:$B$16,"AUTHORITATIVE_QA") -> 1 | C9: 1 | D9: =IF(B9=C9,"PASS","FAIL") -> PASS | E9: DERIVED | F9: =COUNTIF('01_Файлы'!$B$5:$B$16,"DERIVED") -> 1 | G9: 1 | H9: =IF(F9=G9,"PASS","FAIL") -> PASS
A10: ASSURANCE | B10: =COUNTIF('01_Файлы'!$B$5:$B$16,"ASSURANCE") -> 1 | C10: 1 | D10: =IF(B10=C10,"PASS","FAIL") -> PASS | E10: MANIFEST | F10: =COUNTIF('01_Файлы'!$B$5:$B$16,"MANIFEST") -> 1 | G10: 1 | H10: =IF(F10=G10,"PASS","FAIL") -> PASS
A11: Forward-compatible frozen | B11: =COUNTIF('02_Совместимость'!$C$5:$C$16,"FORWARD_COMPAT_ASSERTED") -> 3 | C11: 3 | D11: =IF(B11=C11,"PASS","FAIL") -> PASS | E11: Runtime SHA match | F11: =IF('01_Файлы'!F14="614f0da1c3128aebbb28d67a68a89ccd189a067c57d407c92536425e46072cdc",1,0) -> 1 | G11: 1 | H11: =IF(F11=G11,"PASS","FAIL") -> PASS
A12: Audit discrepancies | B12: 27 | C12: 27 | D12: =IF(B12=C12,"PASS","FAIL") -> PASS | E12: Atlas pages | F12: 279 | G12: 279 | H12: =IF(F12=G12,"PASS","FAIL") -> PASS
A14: Итоговый release gate | H14: =IF(AND(COUNTIF($D$5:$D$12,"<>PASS")=0,COUNTIF($H$5:$H$12,"<>PASS")=0),"PASS","FAIL") -> PASS

Sheet 01_Файлы
A1: Состав физической поставки
A2: 11 non-self артефактов имеют фактические bytes/SHA-256; строка Manifest исключает циклический self-hash.
A4: № | B4: Роль | C4: Файл | D4: Версия | E4: Bytes | F4: SHA-256 | G4: Листы / страницы / файлы | H4: Disposition | I4: builtAgainst | J4: Compatibility mode | K4: Expected bytes | L4: Expected SHA / policy | M4: Статус
A5: 1 | B5: NORMATIVE | C5: Symbiosis_V7_Executable_Rules_Registry_v1.7.xlsx | D5: v1.7 | E5: 927841 | F5: 517818d1fb286361592c4405181827f1e5c190a1c4d3259ae6056018f1c62646 | G5: 15 | H5: REISSUE | I5: Rules v1.7 | Character v1.2 | Items v1.6_with_icons | Effects v1.2 | Bestiary v1.4 | Sentient v1.2 | Q&A v1.2 | Soundtrack v1.1 | Atlas v1.1 | J5: CURRENT | K5: 927841 | L5: 517818d1fb286361592c4405181827f1e5c190a1c4d3259ae6056018f1c62646 | M5: =IF(AND(E5=K5,F5=L5,LEN(F5)=64),"PASS","FAIL") -> PASS
A6: 2 | B6: NORMATIVE | C6: Symbiosis_V7_Character_Skills_Symbionts_Registry_v1.2.xlsx | D6: v1.2 | E6: 706362 | F6: f36219e6a143e338988d3354447cde1f8b919ab8ba4019b017c952d7c68cf38c | G6: 26 | H6: REISSUE | I6: Rules v1.7 | Character v1.2 | Items v1.6_with_icons | Effects v1.2 | Bestiary v1.4 | Sentient v1.2 | Q&A v1.2 | Soundtrack v1.1 | Atlas v1.1 | J6: CURRENT | K6: 706362 | L6: f36219e6a143e338988d3354447cde1f8b919ab8ba4019b017c952d7c68cf38c | M6: =IF(AND(E6=K6,F6=L6,LEN(F6)=64),"PASS","FAIL") -> PASS
A7: 3 | B7: NORMATIVE | C7: Symbiosis_V7_Item_Registry_v1.6_with_icons.xlsx | D7: v1.6_with_icons | E7: 1105192 | F7: 7e69647fa0a4b8e679dc9158dcdde410195dc7b4d8119031b5aece0b63637b27 | G7: 26 | H7: REISSUE_TRACE_ONLY | I7: Rules v1.7 | Character v1.2 | Items v1.6_with_icons | Effects v1.2 | Bestiary v1.4 | Sentient v1.2 | Q&A v1.2 | Soundtrack v1.1 | Atlas v1.1 | J7: CURRENT | K7: 1105192 | L7: 7e69647fa0a4b8e679dc9158dcdde410195dc7b4d8119031b5aece0b63637b27 | M7: =IF(AND(E7=K7,F7=L7,LEN(F7)=64),"PASS","FAIL") -> PASS
A8: 4 | B8: NORMATIVE | C8: Symbiosis_V7_Effects_and_Diseases_Registry_v1.2.xlsx | D8: v1.2 | E8: 322047 | F8: 003186285a9b868c8a9596f610b254b349f0c47478142aef1744d75654ead33b | G8: 24 | H8: FROZEN_BYTES | I8: Rules v1.6 | Character v1.1 | Items v1.5_with_icons | Bestiary v1.3 | Sentient v1.2 | J8: FORWARD_COMPAT_ASSERTED | K8: 322047 | L8: 003186285a9b868c8a9596f610b254b349f0c47478142aef1744d75654ead33b | M8: =IF(AND(E8=K8,F8=L8,LEN(F8)=64),"PASS","FAIL") -> PASS
A9: 5 | B9: NORMATIVE | C9: Symbiosis_V7_Canonical_Bestiary_Registry_v1.4.xlsx | D9: v1.4 | E9: 5890485 | F9: 15929616cba0c527e45ea35dd06b97ea8b09b364362998c6ca610f76d410292e | G9: 22 | H9: REISSUE_METADATA_ONLY | I9: Rules v1.7 | Character v1.2 | Items v1.6_with_icons | Effects v1.2 | Bestiary v1.4 | Sentient v1.2 | Q&A v1.2 | Soundtrack v1.1 | Atlas v1.1 | J9: CURRENT | K9: 5890485 | L9: 15929616cba0c527e45ea35dd06b97ea8b09b364362998c6ca610f76d410292e | M9: =IF(AND(E9=K9,F9=L9,LEN(F9)=64),"PASS","FAIL") -> PASS
A10: 6 | B10: NORMATIVE | C10: Symbiosis_V7_Default_Sentient_Enemy_Registry_v1.2.xlsx | D10: v1.2 | E10: 17138567 | F10: b4c8ff7199e8a9798e5e4928599ee63c9efba3b4244b9c412666a70111ad175f | G10: 14 | H10: FROZEN_BYTES | I10: Rules v1.6 | Character v1.1 | Items v1.5_with_icons | Bestiary v1.3 | Sentient v1.2 | J10: FORWARD_COMPAT_ASSERTED | K10: 17138567 | L10: b4c8ff7199e8a9798e5e4928599ee63c9efba3b4244b9c412666a70111ad175f | M10: =IF(AND(E10=K10,F10=L10,LEN(F10)=64),"PASS","FAIL") -> PASS
A11: 7 | B11: AUTHORITATIVE_QA | C11: Symbiosis_V7_All_Questions_and_Answers_Registry_v1.2.xlsx | D11: v1.2 | E11: 199441 | F11: ce472fa8e08c0e8ac9a2b6856052688aef18934b43772e9ceea73a98ae692d40 | G11: 5 | H11: REISSUE | I11: Rules Decisions QA 444 + direct author decisions | J11: DECISION_SOURCE | K11: 199441 | L11: ce472fa8e08c0e8ac9a2b6856052688aef18934b43772e9ceea73a98ae692d40 | M11: =IF(AND(E11=K11,F11=L11,LEN(F11)=64),"PASS","FAIL") -> PASS
A12: 8 | B12: IMPLEMENTATION_SPEC | C12: Symbiosis_V7_Soundtrack_Playback_Registry_v1.1.xlsx | D12: v1.1 | E12: 3124016 | F12: 839f8d2bc09c48ddae361de154d076b11e8a3d3de27b7570df57130314a63479 | G12: 10 | H12: REISSUE | I12: Rules v1.7 | Character v1.2 | Items v1.6_with_icons | Effects v1.2 | Bestiary v1.4 | Sentient v1.2 | Q&A v1.2 | Soundtrack v1.1 | Atlas v1.1 + campaign dayPhase | J12: TIME_CONTRACT | K12: 3124016 | L12: 839f8d2bc09c48ddae361de154d076b11e8a3d3de27b7570df57130314a63479 | M12: =IF(AND(E12=K12,F12=L12,LEN(F12)=64),"PASS","FAIL") -> PASS
A13: 9 | B13: IMPLEMENTATION_SPEC | C13: Symbiosis_V7_Windows_UI_Screen_Atlas_v1.1.pdf | D13: v1.1 | E13: 57141903 | F13: bb1f0e94799b770abefe522bb0bfe70bf7f18b07b949511b7bf3bf4c45f98889 | G13: 279 | H13: REISSUE | I13: Rules v1.7 | Character v1.2 | Items v1.6_with_icons | Effects v1.2 | Bestiary v1.4 | Sentient v1.2 | Q&A v1.2 | Soundtrack v1.1 | Atlas v1.1 + Effects v1.2 | J13: UI_CONTRACT | K13: 57141903 | L13: bb1f0e94799b770abefe522bb0bfe70bf7f18b07b949511b7bf3bf4c45f98889 | M13: =IF(AND(E13=K13,F13=L13,LEN(F13)=64),"PASS","FAIL") -> PASS
A14: 10 | B14: DERIVED | C14: Symbiosis_V7_Default_Sentient_Enemy_Runtime_Pack_v1.2.zip | D14: v1.2 | E14: 17051280 | F14: 614f0da1c3128aebbb28d67a68a89ccd189a067c57d407c92536425e46072cdc | G14: 50 | H14: FROZEN_BYTES_REQUIRED | I14: Rules v1.6 | Character v1.1 | Items v1.5_with_icons | Bestiary v1.3 | Sentient v1.2 | J14: FORWARD_COMPAT_ASSERTED | K14: 17051280 | L14: 614f0da1c3128aebbb28d67a68a89ccd189a067c57d407c92536425e46072cdc | M14: =IF(AND(E14=K14,F14=L14,LEN(F14)=64),"PASS","FAIL") -> PASS
A15: 11 | B15: ASSURANCE | C15: Symbiosis_V7_Cross_Registry_Audit_Report_v1.2.xlsx | D15: v1.2 | E15: 30943 | F15: bfb67e14550cfc91b537709f7c02079e568d02c4294c31bf04e54f8b7ce4db28 | G15: 10 | H15: REISSUE_FINAL_ASSURANCE | I15: 10 source artifacts frozen in Audit 05_SHA256 | J15: ASSURANCE | K15: 30943 | L15: bfb67e14550cfc91b537709f7c02079e568d02c4294c31bf04e54f8b7ce4db28 | M15: =IF(AND(E15=K15,F15=L15,LEN(F15)=64),"PASS","FAIL") -> PASS
A16: 12 | B16: MANIFEST | C16: Symbiosis_V7_Delivery_Manifest_v1.2.xlsx | D16: v1.2 | F16: SELF_NOT_HASHED | G16: 7 | H16: SELF_FINAL | I16: 11 non-self delivery artifacts | J16: SELF | L16: EXTERNAL_AFTER_FREEZE | M16: =IF(AND(C16="Symbiosis_V7_Delivery_Manifest_v1.2.xlsx",F16="SELF_NOT_HASHED",J16="SELF"),"PASS","FAIL") -> PASS

Sheet 02_Совместимость
A1: Матрица builtAgainst и совместимости
A2: Frozen forward-compatible: Effects v1.2, Sentient v1.2 and Runtime Pack v1.2. Bestiary v1.4 is a current metadata-only reissue.
A4: Артефакт | B4: Роль | C4: Mode | D4: builtAgainst | E4: Current consumer | F4: Инвариант | G4: Evidence | H4: Статус
A5: Symbiosis_V7_Executable_Rules_Registry_v1.7.xlsx | B5: NORMATIVE | C5: CURRENT | D5: Rules v1.7 | Character v1.2 | Items v1.6_with_icons | Effects v1.2 | Bestiary v1.4 | Sentient v1.2 | Q&A v1.2 | Soundtrack v1.1 | Atlas v1.1 | E5: Rules v1.7 | Character v1.2 | Items v1.6_with_icons | Effects v1.2 | Bestiary v1.4 | Sentient v1.2 | Q&A v1.2 | Soundtrack v1.1 | Atlas v1.1 | F5: Current normative source | G5: Rules controls: 739/699/40; 0 FAIL | H5: =IF(AND('01_Файлы'!M5="PASS",OR(C5="CURRENT",C5="DECISION_SOURCE",C5="TIME_CONTRACT",C5="UI_CONTRACT",C5="ASSURANCE",C5="SELF",AND(C5="FORWARD_COMPAT_ASSERTED",D5<>"",F5<>"",G5<>""))),"PASS","FAIL") -> PASS
A6: Symbiosis_V7_Character_Skills_Symbionts_Registry_v1.2.xlsx | B6: NORMATIVE | C6: CURRENT | D6: Rules v1.7 | Character v1.2 | Items v1.6_with_icons | Effects v1.2 | Bestiary v1.4 | Sentient v1.2 | Q&A v1.2 | Soundtrack v1.1 | Atlas v1.1 | E6: Rules v1.7 | Character v1.2 | Items v1.6_with_icons | Effects v1.2 | Bestiary v1.4 | Sentient v1.2 | Q&A v1.2 | Soundtrack v1.1 | Atlas v1.1 | F6: Current operation/payload extension | G6: 1144 payload; 51 QA; 0 control FAIL | H6: =IF(AND('01_Файлы'!M6="PASS",OR(C6="CURRENT",C6="DECISION_SOURCE",C6="TIME_CONTRACT",C6="UI_CONTRACT",C6="ASSURANCE",C6="SELF",AND(C6="FORWARD_COMPAT_ASSERTED",D6<>"",F6<>"",G6<>""))),"PASS","FAIL") -> PASS
A7: Symbiosis_V7_Item_Registry_v1.6_with_icons.xlsx | B7: NORMATIVE | C7: CURRENT | D7: Rules v1.7 | Character v1.2 | Items v1.6_with_icons | Effects v1.2 | Bestiary v1.4 | Sentient v1.2 | Q&A v1.2 | Soundtrack v1.1 | Atlas v1.1 | E7: Rules v1.7 | Character v1.2 | Items v1.6_with_icons | Effects v1.2 | Bestiary v1.4 | Sentient v1.2 | Q&A v1.2 | Soundtrack v1.1 | Atlas v1.1 | F7: Trace-only item reissue; schemas/catalog/icons preserved | G7: 26 sheets; 64 embedded icons | H7: =IF(AND('01_Файлы'!M7="PASS",OR(C7="CURRENT",C7="DECISION_SOURCE",C7="TIME_CONTRACT",C7="UI_CONTRACT",C7="ASSURANCE",C7="SELF",AND(C7="FORWARD_COMPAT_ASSERTED",D7<>"",F7<>"",G7<>""))),"PASS","FAIL") -> PASS
A8: Symbiosis_V7_Effects_and_Diseases_Registry_v1.2.xlsx | B8: NORMATIVE | C8: FORWARD_COMPAT_ASSERTED | D8: Rules v1.6 | Character v1.1 | Items v1.5_with_icons | Bestiary v1.3 | Sentient v1.2 | E8: Rules v1.7 | Character v1.2 | Items v1.6_with_icons | Effects v1.2 | Bestiary v1.4 | Sentient v1.2 | Q&A v1.2 | Soundtrack v1.1 | Atlas v1.1 | F8: GM XP/generator/time do not alter effect schemas or blindness boundary | G8: Frozen SHA; no generator prohibition | H8: =IF(AND('01_Файлы'!M8="PASS",OR(C8="CURRENT",C8="DECISION_SOURCE",C8="TIME_CONTRACT",C8="UI_CONTRACT",C8="ASSURANCE",C8="SELF",AND(C8="FORWARD_COMPAT_ASSERTED",D8<>"",F8<>"",G8<>""))),"PASS","FAIL") -> PASS
A9: Symbiosis_V7_Canonical_Bestiary_Registry_v1.4.xlsx | B9: NORMATIVE | C9: CURRENT | D9: Rules v1.7 | Character v1.2 | Items v1.6_with_icons | Effects v1.2 | Bestiary v1.4 | Sentient v1.2 | Q&A v1.2 | Soundtrack v1.1 | Atlas v1.1 | E9: Rules v1.7 | Character v1.2 | Items v1.6_with_icons | Effects v1.2 | Bestiary v1.4 | Sentient v1.2 | Q&A v1.2 | Soundtrack v1.1 | Atlas v1.1 | F9: Metadata-only reissue; statblocks/attacks/art unchanged | G9: 22 sheets; 16 embedded art | H9: =IF(AND('01_Файлы'!M9="PASS",OR(C9="CURRENT",C9="DECISION_SOURCE",C9="TIME_CONTRACT",C9="UI_CONTRACT",C9="ASSURANCE",C9="SELF",AND(C9="FORWARD_COMPAT_ASSERTED",D9<>"",F9<>"",G9<>""))),"PASS","FAIL") -> PASS
A10: Symbiosis_V7_Default_Sentient_Enemy_Registry_v1.2.xlsx | B10: NORMATIVE | C10: FORWARD_COMPAT_ASSERTED | D10: Rules v1.6 | Character v1.1 | Items v1.5_with_icons | Bestiary v1.3 | Sentient v1.2 | E10: Rules v1.7 | Character v1.2 | Items v1.6_with_icons | Effects v1.2 | Bestiary v1.4 | Sentient v1.2 | Q&A v1.2 | Soundtrack v1.1 | Atlas v1.1 | F10: 44 system templates remain NO_XP_PROGRESSION | G10: Frozen SHA and payload equality | H10: =IF(AND('01_Файлы'!M10="PASS",OR(C10="CURRENT",C10="DECISION_SOURCE",C10="TIME_CONTRACT",C10="UI_CONTRACT",C10="ASSURANCE",C10="SELF",AND(C10="FORWARD_COMPAT_ASSERTED",D10<>"",F10<>"",G10<>""))),"PASS","FAIL") -> PASS
A11: Symbiosis_V7_All_Questions_and_Answers_Registry_v1.2.xlsx | B11: AUTHORITATIVE_QA | C11: DECISION_SOURCE | D11: Rules Decisions QA 444 + direct author decisions | E11: Rules v1.7 | Character v1.2 | Items v1.6_with_icons | Effects v1.2 | Bestiary v1.4 | Sentient v1.2 | Q&A v1.2 | Soundtrack v1.1 | Atlas v1.1 | F11: Decision source matches Rules QA codes | G11: 444 rows / 410 unique / 0 open | H11: =IF(AND('01_Файлы'!M11="PASS",OR(C11="CURRENT",C11="DECISION_SOURCE",C11="TIME_CONTRACT",C11="UI_CONTRACT",C11="ASSURANCE",C11="SELF",AND(C11="FORWARD_COMPAT_ASSERTED",D11<>"",F11<>"",G11<>""))),"PASS","FAIL") -> PASS
A12: Symbiosis_V7_Soundtrack_Playback_Registry_v1.1.xlsx | B12: IMPLEMENTATION_SPEC | C12: TIME_CONTRACT | D12: Rules v1.7 | Character v1.2 | Items v1.6_with_icons | Effects v1.2 | Bestiary v1.4 | Sentient v1.2 | Q&A v1.2 | Soundtrack v1.1 | Atlas v1.1 + campaign dayPhase | E12: Rules v1.7 | Character v1.2 | Items v1.6_with_icons | Effects v1.2 | Bestiary v1.4 | Sentient v1.2 | Q&A v1.2 | Soundtrack v1.1 | Atlas v1.1 | F12: Music follows campaign dayPhase; external audio has silent fallback | G12: Night starts at 21:00 | H12: =IF(AND('01_Файлы'!M12="PASS",OR(C12="CURRENT",C12="DECISION_SOURCE",C12="TIME_CONTRACT",C12="UI_CONTRACT",C12="ASSURANCE",C12="SELF",AND(C12="FORWARD_COMPAT_ASSERTED",D12<>"",F12<>"",G12<>""))),"PASS","FAIL") -> PASS
A13: Symbiosis_V7_Windows_UI_Screen_Atlas_v1.1.pdf | B13: IMPLEMENTATION_SPEC | C13: UI_CONTRACT | D13: Rules v1.7 | Character v1.2 | Items v1.6_with_icons | Effects v1.2 | Bestiary v1.4 | Sentient v1.2 | Q&A v1.2 | Soundtrack v1.1 | Atlas v1.1 + Effects v1.2 | E13: Rules v1.7 | Character v1.2 | Items v1.6_with_icons | Effects v1.2 | Bestiary v1.4 | Sentient v1.2 | Q&A v1.2 | Soundtrack v1.1 | Atlas v1.1 | F13: v1.1 addendum closes combat-form coverage | G13: 279 pages / 355 ScreenFormID | H13: =IF(AND('01_Файлы'!M13="PASS",OR(C13="CURRENT",C13="DECISION_SOURCE",C13="TIME_CONTRACT",C13="UI_CONTRACT",C13="ASSURANCE",C13="SELF",AND(C13="FORWARD_COMPAT_ASSERTED",D13<>"",F13<>"",G13<>""))),"PASS","FAIL") -> PASS
A14: Symbiosis_V7_Default_Sentient_Enemy_Runtime_Pack_v1.2.zip | B14: DERIVED | C14: FORWARD_COMPAT_ASSERTED | D14: Rules v1.6 | Character v1.1 | Items v1.5_with_icons | Bestiary v1.3 | Sentient v1.2 | E14: Rules v1.7 | Character v1.2 | Items v1.6_with_icons | Effects v1.2 | Bestiary v1.4 | Sentient v1.2 | Q&A v1.2 | Soundtrack v1.1 | Atlas v1.1 | F14: No rebuild/relabel; exact package bytes required | G14: 50 files / 1195 validations / full SHA | H14: =IF(AND('01_Файлы'!M14="PASS",C14="FORWARD_COMPAT_ASSERTED",F14<>"",G14<>"",'01_Файлы'!F14="614f0da1c3128aebbb28d67a68a89ccd189a067c57d407c92536425e46072cdc"),"PASS","FAIL") -> PASS
A15: Symbiosis_V7_Cross_Registry_Audit_Report_v1.2.xlsx | B15: ASSURANCE | C15: ASSURANCE | D15: 10 source artifacts frozen in Audit 05_SHA256 | E15: Rules v1.7 | Character v1.2 | Items v1.6_with_icons | Effects v1.2 | Bestiary v1.4 | Sentient v1.2 | Q&A v1.2 | Soundtrack v1.1 | Atlas v1.1 | F15: Assurance artifact covers 10 sources and delivery scope | G15: 27/27 fixed; 0 unresolved | H15: =IF(AND('01_Файлы'!M15="PASS",OR(C15="CURRENT",C15="DECISION_SOURCE",C15="TIME_CONTRACT",C15="UI_CONTRACT",C15="ASSURANCE",C15="SELF",AND(C15="FORWARD_COMPAT_ASSERTED",D15<>"",F15<>"",G15<>""))),"PASS","FAIL") -> PASS
A16: Symbiosis_V7_Delivery_Manifest_v1.2.xlsx | B16: MANIFEST | C16: SELF | D16: 11 non-self delivery artifacts | E16: 11 non-self artifacts | F16: Manifest records 11 non-self hashes only | G16: Self SHA computed externally after freeze | H16: =IF(AND('01_Файлы'!M16="PASS",OR(C16="CURRENT",C16="DECISION_SOURCE",C16="TIME_CONTRACT",C16="UI_CONTRACT",C16="ASSURANCE",C16="SELF",AND(C16="FORWARD_COMPAT_ASSERTED",D16<>"",F16<>"",G16<>""))),"PASS","FAIL") -> PASS

Sheet 03_Состав
A1: Состав и контрольные метрики
A2: Фактические метрики итоговой поставки сверены с Audit v1.2 и контейнерами файлов.
A4: Артефакт | B4: Показатель | C4: Фактически | D4: Ожидается | E4: Статус
A5: Rules v1.7 | B5: Sheets / cards / active / tombstone | C5: 15 / 739 / 699 / 40 | D5: 15 / 739 / 699 / 40 | E5: =IF(AND(C5=D5,'01_Файлы'!M5="PASS"),"PASS","FAIL") -> PASS
A6: Character v1.2 | B6: Sheets / payload / QA | C6: 26 / 1144 / 51 | D6: 26 / 1144 / 51 | E6: =IF(AND(C6=D6,'01_Файлы'!M6="PASS"),"PASS","FAIL") -> PASS
A7: Items v1.6_with_icons | B7: Sheets / embedded icons | C7: 26 / 64 | D7: 26 / 64 | E7: =IF(AND(C7=D7,'01_Файлы'!M7="PASS"),"PASS","FAIL") -> PASS
A8: Effects v1.2 | B8: Sheets / byte state | C8: 24 / FROZEN | D8: 24 / FROZEN | E8: =IF(AND(C8=D8,'01_Файлы'!M8="PASS"),"PASS","FAIL") -> PASS
A9: Bestiary v1.4 | B9: Sheets / embedded art / scope | C9: 22 / 16 / METADATA_ONLY | D9: 22 / 16 / METADATA_ONLY | E9: =IF(AND(C9=D9,'01_Файлы'!M9="PASS"),"PASS","FAIL") -> PASS
A10: Sentient v1.2 | B10: Sheets / templates / payload / art | C10: 14 / 44 / 44 / 44 | D10: 14 / 44 / 44 / 44 | E10: =IF(AND(C10=D10,'01_Файлы'!M10="PASS"),"PASS","FAIL") -> PASS
A11: Q&A v1.2 | B11: Sheets / rows / unique / open | C11: 5 / 444 / 410 / 0 | D11: 5 / 444 / 410 / 0 | E11: =IF(AND(C11=D11,'01_Файлы'!M11="PASS"),"PASS","FAIL") -> PASS
A12: Soundtrack v1.1 | B12: Sheets / night window | C12: 10 / [21:00,06:00) | D12: 10 / [21:00,06:00) | E12: =IF(AND(C12=D12,'01_Файлы'!M12="PASS"),"PASS","FAIL") -> PASS
A13: Atlas v1.1 | B13: Pages / ScreenFormID | C13: 279 / 355 | D13: 279 / 355 | E13: =IF(AND(C13=D13,'01_Файлы'!M13="PASS"),"PASS","FAIL") -> PASS
A14: Runtime Pack v1.2 | B14: ZIP files / templates / validations | C14: 50 / 44 / 1195 | D14: 50 / 44 / 1195 | E14: =IF(AND(C14=D14,'01_Файлы'!M14="PASS"),"PASS","FAIL") -> PASS
A15: Audit v1.2 | B15: Sheets / discrepancies / fixed / unresolved | C15: 10 / 27 / 27 / 0 | D15: 10 / 27 / 27 / 0 | E15: =IF(AND(C15=D15,'01_Файлы'!M15="PASS"),"PASS","FAIL") -> PASS
A16: Manifest v1.2 | B16: Sheets / physical / non-self hashes | C16: 7 / 12 / 11 | D16: 7 / 12 / 11 | E16: =IF(AND(C16=D16,'01_Файлы'!M16="PASS"),"PASS","FAIL") -> PASS

Sheet 04_Политика
A1: Политика итоговой базовой линии
A2: Normative boundaries and release sequencing for the delivered package.
A4: Policy ID | B4: Значение | C4: Инвариант / исключение | D4: Статус
A5: SOURCE_PRIORITY | B5: Direct author decision > normative registries > authoritative Q&A > print fallback | C5: Only explicitly superseded branches are replaced | D5: =IF(AND(A5<>"",B5<>"",C5<>""),"PASS","FAIL") -> PASS
A6: SELECTED_LINE | B6: Rules v1.7 | Character v1.2 | Items v1.6_with_icons | Effects v1.2 | Bestiary v1.4 | Sentient v1.2 | Q&A v1.2 | Soundtrack v1.1 | Atlas v1.1 | C6: Current development baseline | D6: =IF(AND(A6<>"",B6<>"",C6<>""),"PASS","FAIL") -> PASS
A7: BUILT_AGAINST | B7: Every artifact declares the line or source set it was built against | C7: No silent tuple rewrite | D7: =IF(AND(A7<>"",B7<>"",C7<>""),"PASS","FAIL") -> PASS
A8: FORWARD_COMPAT | B8: Effects v1.2, Sentient v1.2 and Runtime v1.2 | C8: Allowed only with named invariant, evidence and exact file hash | D8: =IF(AND(A8<>"",B8<>"",C8<>""),"PASS","FAIL") -> PASS
A9: BESTIARY_METADATA_REISSUE | B9: Bestiary v1.4 is CURRENT | C9: Only version metadata changed; statblocks, attacks, art and balance remain unchanged | D9: =IF(AND(A9<>"",B9<>"",C9<>""),"PASS","FAIL") -> PASS
A10: FROZEN_RUNTIME | B10: Bytes=17051280; SHA=614f0da1c3128aebbb28d67a68a89ccd189a067c57d407c92536425e46072cdc | C10: Never rebuild, relabel or resave as v1.2 | D10: =IF(AND(A10<>"",B10<>"",C10<>""),"PASS","FAIL") -> PASS
A11: DELIVERY_SCOPE | B11: 12 physical files | C11: 6 normative + 1 QA + 2 implementation specs + 1 derived + 1 assurance + 1 manifest | D11: =IF(AND(A11<>"",B11<>"",C11<>""),"PASS","FAIL") -> PASS
A12: SELF_HASH_POLICY | B12: Manifest embeds 11 non-self hashes | C12: Manifest SHA is reported externally after final freeze | D12: =IF(AND(A12<>"",B12<>"",C12<>""),"PASS","FAIL") -> PASS
A13: HASH_FREEZE | B13: Hash after office recalculation and visual/container QA | C13: Do not reopen or resave a hashed artifact | D13: =IF(AND(A13<>"",B13<>"",C13<>""),"PASS","FAIL") -> PASS
A14: GM_XP_APPEND_ONLY | B14: Committed GM award is always valid | C14: No rollback, negative award or compensation; FREE ×2 once; counters untouched | D14: =IF(AND(A14<>"",B14<>"",C14<>""),"PASS","FAIL") -> PASS
A15: NIGHT_WINDOW | B15: [21:00,06:00) | C15: Music follows campaign dayPhase | D15: =IF(AND(A15<>"",B15<>"",C15<>""),"PASS","FAIL") -> PASS
A16: GENERATOR_GROUP | B16: 80–150%; target average 80; characteristic cap 35 | C16: No combat AI; canonical templates remain immutable | D16: =IF(AND(A16<>"",B16<>"",C16<>""),"PASS","FAIL") -> PASS
... A18: BLINDNESS_NOT_MODELED | B18: No blindness runtime/UI state | C18: Effects v1.2 boundary remains unchanged | D18: =IF(AND(A18<>"",B18<>"",C18<>""),"PASS","FAIL") -> PASS

Sheet 05_Контроль
A1: Независимый release gate
A2: Every gate compares a visible expected value with a separately derived actual value.
A4: Gate | B4: Expected | C4: Actual | D4: Method / evidence | E4: Blocking | F4: Result
A5: Physical delivery files | B5: 12 | C5: =COUNTA('01_Файлы'!$C$5:$C$16) -> 12 | D5: Count file rows | E5: YES | F5: =IF(C5=B5,"PASS","FAIL") -> PASS
A6: Non-self artifacts | B6: 11 | C6: =COUNTIF('01_Файлы'!$B$5:$B$16,"<>MANIFEST") -> 11 | D6: Count roles except MANIFEST | E6: YES | F6: =IF(C6=B6,"PASS","FAIL") -> PASS
A7: Non-self hashes | B7: 11 | C7: =COUNTIFS('01_Файлы'!$F$5:$F$16,"<>SELF_NOT_HASHED",'01_Файлы'!$F$5:$F$16,"<>") -> 11 | D7: Count populated non-self SHA | E7: YES | F7: =IF(C7=B7,"PASS","FAIL") -> PASS
A8: NORMATIVE | B8: 6 | C8: =COUNTIF('01_Файлы'!$B$5:$B$16,"NORMATIVE") -> 6 | D8: Role count | E8: YES | F8: =IF(C8=B8,"PASS","FAIL") -> PASS
A9: AUTHORITATIVE_QA | B9: 1 | C9: =COUNTIF('01_Файлы'!$B$5:$B$16,"AUTHORITATIVE_QA") -> 1 | D9: Role count | E9: YES | F9: =IF(C9=B9,"PASS","FAIL") -> PASS
A10: IMPLEMENTATION_SPEC | B10: 2 | C10: =COUNTIF('01_Файлы'!$B$5:$B$16,"IMPLEMENTATION_SPEC") -> 2 | D10: Role count | E10: YES | F10: =IF(C10=B10,"PASS","FAIL") -> PASS
A11: DERIVED | B11: 1 | C11: =COUNTIF('01_Файлы'!$B$5:$B$16,"DERIVED") -> 1 | D11: Role count | E11: YES | F11: =IF(C11=B11,"PASS","FAIL") -> PASS
A12: ASSURANCE | B12: 1 | C12: =COUNTIF('01_Файлы'!$B$5:$B$16,"ASSURANCE") -> 1 | D12: Role count | E12: YES | F12: =IF(C12=B12,"PASS","FAIL") -> PASS
A13: MANIFEST | B13: 1 | C13: =COUNTIF('01_Файлы'!$B$5:$B$16,"MANIFEST") -> 1 | D13: Role count | E13: YES | F13: =IF(C13=B13,"PASS","FAIL") -> PASS
A14: File rows PASS | B14: 12 | C14: =COUNTIF('01_Файлы'!$M$5:$M$16,"PASS") -> 12 | D14: Independent bytes/SHA comparisons | E14: YES | F14: =IF(C14=B14,"PASS","FAIL") -> PASS
A15: Compatibility PASS | B15: 12 | C15: =COUNTIF('02_Совместимость'!$H$5:$H$16,"PASS") -> 12 | D15: Mode + invariant + evidence | E15: YES | F15: =IF(C15=B15,"PASS","FAIL") -> PASS
A16: Composition PASS | B16: 12 | C16: =COUNTIF('03_Состав'!$E$5:$E$16,"PASS") -> 12 | D16: Actual vs expected metrics | E16: YES | F16: =IF(C16=B16,"PASS","FAIL") -> PASS
A17: Policy PASS | B17: 14 | C17: =COUNTIF('04_Политика'!$D$5:$D$18,"PASS") -> 14 | D17: All policy fields populated | E17: YES | F17: =IF(C17=B17,"PASS","FAIL") -> PASS
A18: Forward compat assertions | B18: 3 | C18: =COUNTIF('02_Совместимость'!$C$5:$C$16,"FORWARD_COMPAT_ASSERTED") -> 3 | D18: Effects + Sentient + Runtime only | E18: YES | F18: =IF(C18=B18,"PASS","FAIL") -> PASS
A19: 10 source SHA cross-checks | B19: 10 | C19: =COUNTIF('01_Файлы'!$M$5:$M$14,"PASS") -> 10 | D19: Audit source set | E19: YES | F19: =IF(C19=B19,"PASS","FAIL") -> PASS
A20: Audit SHA characters | B20: 64 | C20: =LEN('01_Файлы'!F15) -> 64 | D20: Manifest-only assurance hash | E20: YES | F20: =IF(C20=B20,"PASS","FAIL") -> PASS
A21: Runtime bytes | B21: 17051280 | C21: ='01_Файлы'!E14 -> 17051280 | D21: Exact frozen size | E21: YES | F21: =IF(C21=B21,"PASS","FAIL") -> PASS
A22: Runtime SHA | B22: 614f0da1c3128aebbb28d67a68a89ccd189a067c57d407c92536425e46072cdc | C22: ='01_Файлы'!F14 -> 614f0da1c3128aebbb28d67a68a89ccd189a067c57d407c92536425e46072cdc | D22: Exact frozen hash | E22: YES | F22: =IF(C22=B22,"PASS","FAIL") -> PASS
A23: Audit discrepancies | B23: 27 | C23: 27 | D23: Audit Summary | E23: YES | F23: =IF(C23=B23,"PASS","FAIL") -> PASS
A24: Q&A rows | B24: 444 | C24: 444 | D24: Audit structural check | E24: YES | F24: =IF(C24=B24,"PASS","FAIL") -> PASS
A25: Q&A unique codes | B25: 410 | C25: 410 | D25: Audit structural check | E25: YES | F25: =IF(C25=B25,"PASS","FAIL") -> PASS
A26: Atlas pages | B26: 279 | C26: 279 | D26: pdfinfo / Audit | E26: YES | F26: =IF(C26=B26,"PASS","FAIL") -> PASS
A27: Atlas ScreenFormID | B27: 355 | C27: 355 | D27: Atlas catalog / Audit | E27: YES | F27: =IF(C27=B27,"PASS","FAIL") -> PASS
A28: External workbook links | B28: 0 | C28: 0 | D28: OOXML container scan | E28: YES | F28: =IF(C28=B28,"PASS","FAIL") -> PASS
A29: Formula errors | B29: 0 | C29: 0 | D29: Artifact-tool formula scan | E29: YES | F29: =IF(C29=B29,"PASS","FAIL") -> PASS
A30: FINAL RELEASE GATE | F30: =IF(COUNTIF($F$5:$F$29,"<>PASS")=0,"PASS","FAIL") -> PASS

Sheet 06_Изменения_v1.2
A1: Изменения Delivery Manifest v1.2
A2: One row per physical delivery artifact; frozen and metadata-only boundaries are explicit.
A4: № | B4: Артефакт | C4: Было | D4: Стало | E4: Основное изменение / freeze rationale | F4: Статус
A5: 1 | B5: Rules | C5: v1.6 | D5: v1.7 | E5: GM XP, generator, per-command roll and independent controls | F5: =IF(AND(A5<>"",B5<>"",C5<>"",D5<>"",E5<>""),"PASS","FAIL") -> PASS
A6: 2 | B6: Character-Skills-Symbionts | C6: v1.1 | D6: v1.2 | E6: 1144 payload; GM award and group-generator operations | F6: =IF(AND(A6<>"",B6<>"",C6<>"",D6<>"",E6<>""),"PASS","FAIL") -> PASS
A7: 3 | B7: Items with icons | C7: v1.5_with_icons | D7: v1.6_with_icons | E7: Trace-only AQA-044/CORE-215 synchronization; 64 icons preserved | F7: =IF(AND(A7<>"",B7<>"",C7<>"",D7<>"",E7<>""),"PASS","FAIL") -> PASS
A8: 4 | B8: Effects and Diseases | C8: v1.2 | D8: v1.2 frozen | E8: Forward-compatible exact bytes; blindness remains NOT_MODELED | F8: =IF(AND(A8<>"",B8<>"",C8<>"",D8<>"",E8<>""),"PASS","FAIL") -> PASS
A9: 5 | B9: Canonical Bestiary | C9: v1.3 | D9: v1.4 | E9: Current metadata-only reissue; statblocks/attacks/art unchanged | F9: =IF(AND(A9<>"",B9<>"",C9<>"",D9<>"",E9<>""),"PASS","FAIL") -> PASS
A10: 6 | B10: Default Sentient Enemy | C10: v1.2 | D10: v1.2 frozen | E10: Forward-compatible exact bytes; NO_XP_PROGRESSION | F10: =IF(AND(A10<>"",B10<>"",C10<>"",D10<>"",E10<>""),"PASS","FAIL") -> PASS
A11: 7 | B11: All Questions and Answers | C11: v1.1 | D11: v1.2 | E11: 444 rows / 410 unique / 0 open | F11: =IF(AND(A11<>"",B11<>"",C11<>"",D11<>"",E11<>""),"PASS","FAIL") -> PASS
A12: 8 | B12: Soundtrack Playback | C12: v1.0 | D12: v1.1 | E12: Night synchronized to 21:00; external-audio fallback retained | F12: =IF(AND(A12<>"",B12<>"",C12<>"",D12<>"",E12<>""),"PASS","FAIL") -> PASS
A13: 9 | B13: Windows UI Screen Atlas | C13: v1.0 | D13: v1.1 | E13: 279 pages / 355 ScreenFormID; supported combat scenarios covered | F13: =IF(AND(A13<>"",B13<>"",C13<>"",D13<>"",E13<>""),"PASS","FAIL") -> PASS
A14: 10 | B14: Sentient Runtime Pack | C14: v1.2 | D14: v1.2 frozen | E14: Original bytes; SHA 614f0da1c3128aebbb28d67a68a89ccd189a067c57d407c92536425e46072cdc | F14: =IF(AND(A14<>"",B14<>"",C14<>"",D14<>"",E14<>""),"PASS","FAIL") -> PASS
A15: 11 | B15: Cross Registry Audit | C15: v1.1 | D15: v1.2 | E15: 27/27 fixed; 10 source hashes; full delivery audit | F15: =IF(AND(A15<>"",B15<>"",C15<>"",D15<>"",E15<>""),"PASS","FAIL") -> PASS
A16: 12 | B16: Delivery Manifest | C16: — | D16: v1.2 | E16: 12 physical files / 11 non-self hashes / self-hash external | F16: =IF(AND(A16<>"",B16<>"",C16<>"",D16<>"",E16<>""),"PASS","FAIL") -> PASS
